{
    "rwy_18R/36L": [
        [-3475.60976332, 6142.35453375],
        [-3690.22135838, 2341.09413316],
        [-3614.93055818, 2336.86555128],
        [-3400.72382089, 6138.11800114]
    ],
    "36L_threshold": [
        [-3509.8422747799464, 4201.28905072827],
        [-3614.93055818, 2336.86555128],
        [-3495.6815977473634, 2324.88727030825],
        [-3329.192601646983, 2515.1604087086853],
        [-3421.3561530596935, 2601.3779245463825],
        [-3345.4150678794126, 4050.1391190697723]
    ],
    "rwy_18C/36C": [
        [-1753.34, -638.77],
        [-1562.3081825, 2661.58241941],
        [-1487.3422175, 2657.32371241],
        [-1674.89, -645.94]
    ],
    "36C_threshold_1": [
        [-1967.90935284, -345.03244319],
        [-1938.86814584, -338.54986597],
        [-1735.7642720080862, -334.07042628824007],
        [-1753.34, -638.77],
        [-1840.29735512, -718.6767281],
        [-1843.22234741, -770.13874281],
        [-1929.20254032, -869.28033028],
        [-1980.44608544, -863.35036643],
        [-1988.14891164, -834.04269383]
    ],
    "36C_threshold_2": [
        [-1674.89, -645.94],
        [-1551.6969072228485, -652.6452910510138],
        [-1506.146535065056, -600.3963347523694],
        [-1370.835135419849, -621.8318040030953],
        [-1290.1723736399642, -575.9666794909915],
        [-1190.311121153858, -519.1012440475143],
        [-1358.1335038041198, -372.0832889985252],
        [-1304.4696173997659, 665.4357250744017],
        [-1219.8649451545928, 666.8226869144864],
        [-1218.4779833145078, 881.8017721276317],
        [-1455.64845796901, 970.5673298930594],
        [-1571.8709449920482, 1166.9313771173927]
    ],
    "18C_threshold": [
        [-1487.3422175, 2657.32371241],
        [-1248.10403077, 2621.23969018],
        [-1323.87350044, 1282.34156115],
        [-1560.6314897921027, 1368.4578771187873]
    ],
    "rwy_09/27": [
        [-1100.8681914909962, 978.6374310000344],
        [-1106.5214685, 1053.68167941],
        [2358.5289655, 1247.67700141],
        [2362.74, 1173.6]
    ],
    "09_threshold": [
        [-1100.8681914909962, 978.6374310000344],
        [-1106.82112713, 954.18331072],
        [-1189.86520418, 831.46212372],
        [-1174.00928186, 793.5099437 ],
        [-1099.87284815, 756.48265802],
        [-1024.37764438, 754.62272807],
        [-597.04995333, 765.87936396],
        [-489.55871936, 770.07824131],
        [-356.13082328, 784.9639575 ],
        [-110.4082475, 799.04103908],
        [64.3066095, 808.81919508],
        [182.54321677, 814.96874558],
        [267.01566277, 820.63788058],
        [404.13467975, 827.43453544],
        [525.10762575, 834.07199544],
        [768.61646909, 880.34947819],
        [910.78501509, 752.15221983],
        [975.73230607, 774.4174632 ],
        [881.98389265, 947.45451297],
        [1069.3652090028431, 1100.5777927905945]

    ],
    "27_threshold": [
        [2362.74, 1173.6],
        [2425.4371965, 1108.92567141],
        [2429.6182905, 1033.49334241],
        [2369.2441965,  860.20932841],
        [2349.1997627,  830.30823271],
        [2288.3361295,  771.52462341],
        [2249.49871878, 797.6579401],
        [2306.77747078, 1169.5413261]
    ],
    "rwy_04/22": [
        [1414.28704833, -774.5351725 ],
        [1460.04987533, -814.4690125 ],
        [2795.37292813, 708.56477632],
        [2749.75389667, 747.89235482]
    ],
    "04/22_threshold_1": [
        [2795.37292813, 708.56477632],
        [2914.1714835, 633.81818441],
        [2878.02740113, 595.01584278],
        [2854.44875656, 579.66788304],
        [2063.2846948, -319.52267799],
        [2106.2011965, -331.23655259],
        [2033.6008905, -413.29478459],
        [1999.66467621, -391.03818468],
        [1675.57505421, -761.62427168],
        [1591.68661433, -857.6385945],
        [1460.04987533, -814.4690125]
    ],
    "04/22_threshold_2": [
        [1414.28704833, -774.5351725 ],
        [1338.9023555098843, -568.3960758833545],
        [2422.4720725506404, 639.4093003170208],
        [2749.75389667, 747.89235482]
    ],
    "rwy_06/24": [
        [-1947.2830175, -2146.94336659],
        [-1907.7492405, -2210.50961159],
        [1012.1862096, -381.93600159],
        [973.3774658947156, -318.8681764727937]
    ],
    "18L_threshold_1": [
        [1088.30518958, 66.79246557],
        [963.8698077261096, 347.97447313449993],
        [909.01506893, 346.0634827],
        [888.26695537, 415.12897204],
        [887.76201574, 499.07597894],
        [902.61154846, 616.51516009],
        [942.45588146, 680.94651209],
        [988.3091454773751, 690.0507640693723],
        [984.17644475, 734.8848804],
        [975.73230607, 774.4174632],
        [928.92507275, 896.2506954],
        [881.98389265, 947.45451297],
        [1141.35459465, 961.99977897]
    ],
    "18L_threshold_2": [
        [1174.2571244296555, 1548.4648880822922],
        [1120.9974495, 1551.20310441],
        [1007.1266235, 1421.15646541],
        [988.252318330178, 1400.158780797783],
        [984.0344725, 1368.94149841],
        [1024.90236355, 1371.97361968],
        [1171.21583855, 1488.21857568]
    ],
    "18L_threshold_3": [
        [1215.99258014, 966.0305758 ],
        [1438.99092973, 978.53448291],
        [1403.76724589, 903.66639146],
        [1405.44706789, 708.93733446],
        [1426.19307095, 668.95389583],
        [1404.61335495, 509.46312483],
        [1366.62944155, 528.26343017],
        [1194.44704455, 526.79912717]
    ],
    "rwy_18L/36R": [
        [1249.4068775, 1543.99195941],
        [1059.2924983759242, -1858.758208306016],
        [979.6736225, -1854.45015159],
        [1174.2571244296555, 1548.4648880822922]
    ],
    "24_threshold_1": [
        [973.37746589, -318.86817647],
        [928.33061815, -152.81200114],
        [870.35773785, -90.52626951],
        [816.4444814,  -150.26608409],
        [766.0490674,  -182.74432709],
        [701.00542807, -222.68473448],
        [643.43651107, -259.48532248],
        [579.66252383, -299.29768445],
        [570.19314683, -333.11307445],
        [608.48166907, -378.57019313],
        [408.09349207, -503.99733813],
        [377.67243179, -474.73606357],
        [347.08132879, -439.05600257],
        [295.79238176, -471.32358076],
        [237.17907781015316, -564.6098348251794],
        [264.586921936547, -592.0176789515733],
        [-125.38511275, -838.20900069],
        [-163.25855356, -804.06188704],
        [-179.86060956, -770.41140304],
        [-246.26595385, -805.48491706],
        [-301.1897266795847, -902.1758294833473],
        [-280.06866259, -935.24135654],
        [-540.98114359, -1095.81828154],
        [-559.92294785, -1053.27730706],
        [-578.30233185, -1014.16156706],
        [-689.42927058, -1077.85765858],
        [-762.55249712, -1147.08617462],
        [-741.5518246713971, -1180.2980079967938],
        [-636.12675738, -1325.46939356]
    ],
    "24_threshold_2": [
        [1012.1862096, -381.93600159],
        [811.04266923, -508.13210055],
        [734.70825592, -718.87233264],
        [798.31154815, -724.39641134],
        [851.39247097, -680.33746274],
        [896.88574982, -612.36745227],
        [913.38037495, -565.55083243]
    ]
}