{
    "Y": [
        [-1640.1, 3024.71],
        [-1640.1, 3062.79],
        [-1329.78, 3045.03],
        [-1363.16, 3008.41]
    ],
    "W5": [
        [-1901.61, 1437.59],
        [-1824.77, 1468.32],
        [-1629.26, 1458.08],
        [-1632.67, 1420.51]
    ],
    "Z": [
        [-1743.79, -947.66],
        [-1531.65, -852.2],
        [-1563.47, -816.84],
        [-1747.32, -905.23]
    ],
    "Q": [
        [
            -1370.4284869534094, 
            -370.726977645258
        ],
        [
            -678.955693478945, 
            -982.6637693001828
        ],        
        [
            -765.1,
            -1025.458
        ],
        [
            -861.758,
            -952.958
        ],
        [
            -1376.010391017318, 
            -530.9174938462801
        ]
    ],
    "alpha_bravo": [
        [
            -539.2732563321629,
            -1094.3226022977597
        ],
        [
            917.2709736984369,
            -207.06345324434298
        ],
        [
            942.0197110399662,
            -65.64209700703312
        ],
        [
            997.0935829104578,
            643.4131814564458
        ],
        [
            996.2470818275373,
            800.7481908915693
        ],
        [
            921.8939186621437,
            879.6076063700168
        ],
        [
            838.5282508706421,
            940.4420125962479
        ],
        [
            -1016.9271725222081,
            847.2195929474834
        ],
        [
            -1158.3916390578272,
            834.1613344980415
        ],
        [
            -1288.9742235522458,
            845.0432165392431
        ],
        [
            -1454.3788305785092,
            803.6920647826772
        ],
        [
            -1521.0196355351316,
            -393.3959303848683
        ],
        [
            -1370.4284869534094,
            -370.726977645258
        ],
        [
            -1303.4426455448913,
            642.0989444515382
        ],
        [
            -1223.0596358546693,
            703.725918547374
        ],
        [
            609.6729850823917,
            784.1089282375968
        ],
        [
            826.707111245991,
            564.395368417657
        ],
        [
            805.271641995265,
            -73.30984179143707
        ],
        [
            -567.1562027260641,
            -950.7644822208492
        ],
        [
            -610.506220607601, 
            -981.0143844117167
        ]
    ],
    "ramp": [
        [
            -567.1562027260641, 
            -950.7644822208492
        ],
        [
            805.271641995265, 
            -73.30984179143707
        ],
        [
            826.707111245991, 
            564.395368417657
        ],
        [
            609.6729850823917, 
            784.1089282375968
        ],
        [
            -1223.0596358546693, 
            703.725918547374
        ],
        [
            -1303.4426455448913, 
            642.0989444515382
        ],
        [
            -1370.4284869534094, 
            -370.726977645258
        ],
        [
            -678.955693478945, 
            -982.6637693001828
        ],
        [
            -644.5848676718758, 
            -987.1412870133751
        ],
        [
            -610.506220607601, 
            -981.0143844117167
        ]
    ]
}